F1_student,F2_student,F1_ref,F2_ref,dist_hz,dist_bark,student_id,word,vowel
334.7098838395089,1071.195329419074,431.98420441985905,2502.1545022848286,1434.2616385628578,5.636776568421952,6701202182,agree,
